name,pubtime,price
《机器学习应用系统设计》,2018-12,68.00
《Kubernetes即学即用》,2018-12,58.00
《PWA开发实战》,2018-12,79.00
《敏捷应用程序安全》,2018-11,78.00
《Go语言并发之道》,2018-11,58.00
《基于R语言的机器学习》,2018-11,58.00
《Python科学计算最佳实践：SciPy指南 》,2018-11,69.00
《可持续性设计》,2018-11,78.00
《PostgreSQL即学即用（第3版）》,2018-11,79.00
《Spark全栈数据分析》,2018-11,99.00
《Vue.js快跑》,2018-11,69.00
《Head First Android开发（第二版）》,2018-11,148.00
《Python学习手册（第5版_上下册）》,2018-11,219.00
《奔跑吧Ansible（第2版）》,2018-10,119.00
《网络安全科学本质论》,2018-10,48.00
《Kubernetes经典实例》,2018-10,48.00
《面向数据科学家的实用统计学 》,2018-10,89.00
《重构JavaScript 》,2018-10,88.00
《产品设计蓝图》,2018-09,88.00
《数据密集型应用系统设计》,2018-09,128.00
《云原生基础架构》,2018-09,55.00
《高效R语言编程》,2018-09,48.00
《基础设施即代码：云服务器管理》,2018-09,89.00
《情报驱动应急响应》,2018-09,79.00
《精通Azure数据分析》,2018-09,88.00
《学习OpenCV 3(中文版)》,2018-08,149.00
《React Native Cookbook（中文版）》,2018-08,59.00
《机器学习实战》,2018-08,119.00
《数据结构与算法Java语言描述》,2018-08,38.00
《客户驱动的产品开发》,2018-08,69.00
《Python编程之美》,2018-08,89.00
《大数据与隐私：利益博弈者、监管者和利益相关者》,2017-03,25.00
《JavaScript和jQuery实战手册（原书第3版）》,2017-03,119.00
《Hack与HHVM权威指南》,2017-03,69.00
《物联网设备安全》,2017-03,69.00
《客户端存储技术》,2017-03,39.00
《学习敏捷：构建高效团队》,2017-02,79.00
《React快速上手开发》,2017-02,49.00
《RESTful Rails Development（中文版）》,2017-02,49.00
《社区运营的艺术（第2版）》,2017-02,105.00
《硬件创业：从产品创意到成熟企业的成功路线图》,2017-02,69.00
《用Mesos框架构建分布式应用》,2017-02,55.00
《面向机器学习的自然语言标注》,2017-02,79.00
《视图更新与关系数据库理论》,2017-02,59.00
《Docker经典实例》,2017-01,69.00
《Hadoop应用架构》,2017-01,69.00
《学习虚拟现实：桌面、网络与移动设备的沉浸式体验与应用开发指南》,2017-01,80.00
《巧用Gradle构建Android应用》,2016-12,65.00
《持续轻量级Java EE开发：编写可测试的代码》,2016-12,59.00
《数据算法》,2016-12,128.00
《Java编程思维》,2016-12,59.00
《HTML5移动开发》,2016-11,89.00
《社交媒体大数据分析》,2016-10,59.00
《C#经典实例（第4版）》,2016-10,129.00
《多设备体验设计：物联网时代产品开发模式》,2016-10,59.00
《GitHub实践》,2016-10,69.00
《高性能Android应用开发》,2016-10,59.00
《MySQL与MariaDB学习指南》,2016-10,79.00
《决胜UX：互联网产品用户体验策略》,2016-10,59.00
《代码不朽：编写可维护软件的10大要则（C#版）》,2016-10,69.00
《代码不朽：编写可维护软件的10大要则（Java版）》,2016-10,69.00
《Jenkins权威指南》,2016-10,89.00
《Hadoop生态系统》,2016-10,28.00
《Head First Android开发》,2016-10,128.00
《Head First PMP（第3版_中文版）》,2016-10,148.00
《Cocoa学习手册（第4版）》,2016-10,69.00
《轻量级Django》,2016-10,39.00
《大数据伦理：平衡风险与创新》,2016-10,25.00
《CSS实战手册（第四版）》,2016-09,128.00
《iOS Swift游戏开发经典实例（第2版）》,2016-09,69.00
《Google App Engine编程（Java版）》,2016-09,69.00
《SRE：Google运维解密》,2016-09,108.00
《精益品牌塑造》,2016-09,69.00
《你不知道的JavaScript（中卷）》,2016-09,79.00
《WebPageTest应用指南》,2016-08,38.00
《速度与激情 : 以网站性能提升用户体验》,2016-08,49.00
《R包开发》,2016-08,49.00
《大数据猩球：海量数据处理实践指南》,2016-08,69.00
《Head First C#（中文版_第三版）》,2016-07,148.00
《Java经典实例（第3版）》,2016-07,148.00
《像计算机科学家一样思考Python（第2版）》,2016-06,49.00
《企业云：传统IT向云迁移的实践指南》,2016-06,79.00
《Swift编程实战：iOS应用开发实例及完整解决方案》,2016-06,139.00
《Scala编程实战》,2016-06,119.00
《Python网络数据采集》,2016-03,59.00
《数据科学入门》,2016-03,69.00
《Spark高级数据分析》,2015-11,59.00
《Spark快速大数据分析》,2015-09,59.00
《Python Cookbook中文版（第3版）》,2015-04,108.00
《MongoDB应用设计模式》,2015-04,29.00
《iPhone/iPad电子制作》,2015-03,69.00
《Java 8函数式编程》,2015-03,39.00
《树莓派实战秘籍》,2015-03,69.00
《贝叶斯思维：统计建模的Python学习法》,2015-03,49.00
《你不知道的JavaScript（上卷）》,2015-03,49.00
《数据科学实战》,2015-02,79.00
《HTML5秘籍（第2版）》,2015-02,89.00
《社交电商》,2015-02,69.00
《数据驱动的网络分析》,2015-01,59.00
《你不可不知的关系数据库理论》,2015-01,49.00
《JavaScript高效图形编程（修订版）》,2015-01,45.00
《编写可测试的JavaScript代码》,2015-01,55.00
《Node与Express开发》,2015-01,69.00
《Git版本控制管理（第2版）》,2015-01,79.00
《若为自由故：自由软件之父理查德·斯托曼传》,2015-01,49.00
《图数据库》,2015-01,49.00
《SQL学习指南（第2版_修订版）》,2015-01,49.00
《ZeroMQ：云时代极速消息通信库》,2015-01,108.00
《ASP.NET Web API设计》,2015-01,99.00
《PHP编程（第3版）》,2015-01,99.00
《集体智慧编程（修订版）》,2015-01,69.00
《精通Perl（第2版）》,2015-01,89.00
《体验引擎：游戏设计全景探秘》,2015-01,79.00
《Web界面设计（修订版）》,2015-01,108.00
《Raspberry Pi开发实战》,2015-01,79.00
《精通Perl（第2版_影印版）》,2014-12,74.00
《基于数据分析的网络安全（影印版）》,2014-12,66.00
《挖掘社交网络（第2版_影印版）》,2014-12,78.00
《Python编程（第4版）》,2014-12,198.00
《Java EE 7精粹》,2014-12,0.00
《精益数据分析》,2014-12,79.00
《移动应用UI设计模式（第2版）》,2014-12,79.00
《PaaS程序设计》,2014-12,39.00
《Flask Web开发：基于Python的Web应用开发实战》,2014-12,59.00
《社交网站的数据挖掘与分析（原书第2版）》,2014-12,79.00
《C#并发编程经典实例》,2014-12,49.00
《Java语言袖珍指南（第2版）》,2014-11,28.00
《Java Web服务：构建与运行（第2版）》,2014-11,69.00
《Python袖珍指南（第5版）》,2014-11,38.00
《深入浅出iPhone和iPad开发（第3版_影印版）》,2014-11,98.00
《Cocoa入门——使用Objective-C（第3版）》,2014-11,48.00
《iOS编程（第3版）》,2014-10,148.00
《计算的本质：深入剖析程序和计算机》,2014-10,69.00
《Hadoop权威指南（第3版）》,2014-10,99.00
《Haskell并行与并发编程》,2014-10,59.00
《正则表达式经典实例（第2版）》,2014-10,89.00
《HTML5数据推送应用开发》,2014-10,49.00
《MapReduce设计模式》,2014-08,49.00
《Backbone.js应用程序开发》,2014-08,55.00
《深入浅出JavaScript编程（影印版）》,2014-08,118.00
《NFC: Arduino、Android与PhoneGap近场通信》,2014-08,65.00
《Learning Android中文版（第2版）》,2014-08,59.00
《Web前端工程师修炼之道（原书第4版）》,2014-08,129.00
《语言编程（第4版）》,2014-08,148.00
《CSS3秘笈（第3版）》,2014-08,128.00
《Java网络编程（第4版）》,2014-08,78.00
《深入浅出PMP（第3版_影印版）》,2014-07,118.00
《R语言核心技术手册（第2版）》,2014-07,99.00
《数据结构与算法JavaScript描述》,2014-07,49.00
《SQL与关系数据库理论（第2版）》,2014-07,129.00
《游戏改变企业》,2014-06,35.00
《Java学习指南（第4版_上下册）》,2014-06,128.00
《创业的智慧：世界顶尖创业导师的洞见》,2014-06,69.00
《Python自然语言处理》,2014-06,89.00
《有趣的统计：75招学会数据分析》,2014-06,59.00
《游戏设计快乐之道》,2014-06,49.00
《学习R语言（影印版）》,2014-06,67.00
《敏捷数据科学：用Hadoop创建数据分析应用》,2014-06,49.00
《交互式程序设计（第二版）》,2014-06,129.00
《移动应用界面设计》,2014-06,119.00
《Android程序设计（第二版）》,2014-06,99.00
《高性能浏览器网络（影印版）》,2014-06,74.00
《深入浅出C#（第3版_影印版）》,2014-06,118.00
《数据科学（影印版）》,2014-06,74.00
《行为变化设计（影印版）》,2014-06,68.00
《HTML5 Canvas开发详解（第2版）》,2014-05,118.00
《Python计算机视觉编程》,2014-05,69.00
《游戏设计之快乐理论（第2版_影印版）》,2014-05,68.00
《RESTful Web APIs中文版》,2014-05,79.00
《Java网络编程（第4版_影印版）》,2014-05,82.00
《大教堂与集市》,2014-05,59.00
《使用HTML5和Node构建超媒体API》,2014-05,55.00
《DOM启蒙》,2014-04,49.00
《互联网思维的企业》,2014-04,59.00
《学习R》,2014-04,69.00
《软件定义网络：SDN与OpenFlow解析》,2014-04,79.00
《谷歌和亚马逊如何做产品 》,2014-04,49.00
《Node应用程序构建——使用MongoDB和Backbone》,2014-03,39.00
《Web 性能实践日志》,2014-03,39.00
《Web性能权威指南》,2014-03,69.00
《信息节食》,2014-03,39.00
《iOS编程指南》,2014-03,69.00
《LINUX系统编程（第2版）》,2014-03,79.00
《写给PHP开发者的Node.js学习指南》,2014-03,49.00
《以用户为中心的软件设计》,2014-03,39.00
《Using Drupal（第二版）》,2014-03,78.00
"《Learning PHP, MySQL, JavaScript和CSS（第二版）》",2014-03,78.00
《PHP & MySQL实战手册（第二版）》,2014-03,78.00
《Spring Data实战》,2014-02,59.00
《R数据可视化手册》,2014-02,89.00
《深入理解C指针》,2014-01,45.00
《Node学习指南》,2014-01,69.00
《JavaScript启示录》,2014-01,35.00
《Learning PHP设计模式》,2014-01,58.00
《JavaScript for PHP Developers（中文版）》,2014-01,28.00
《学习Java（第四版_上下册_影印版）》,2013-12,138.00
《Linux系统编程（第二版_影印版）》,2013-12,78.00
《Python Cookbook（第三版_影印版）》,2013-12,98.00
《学习使用C指针（影印版）》,2013-12,46.00
《MongoDB权威指南（第二版_影印版）》,2013-12,64.00
《游戏开发中的物理学（第二版_影印版）》,2013-12,89.00
《学习Python（第五版_上下册_影印版）》,2013-12,148.00
《HTML5 Canvas——网站本地化交互和动画设计（第二版_影印版）》,2013-12,96.00
《MongoDB权威指南（第2版）》,2013-12,79.00
《DNS与BIND（第5版）》,2013-12,108.00
《果壳中的C#——C# 5.0权威指南》,2013-11,118.00
《iOS 6编程经典实例》,2013-11,128.00
《软件定义网络（影印版）》,2013-11,69.00
《Hive编程指南》,2013-11,69.00
《HTML5敏捷实践》,2013-11,89.00
《Hadoop技术详解》,2013-11,59.00
《Hadoop Hacks（中文版）》,2013-11,58.00
《Web信息架构：设计大型网站（第3版）》,2013-10,99.00
《HTML5和JavaScript Web应用开发》,2013-10,35.00
《MongoDB设计模式（影印版）》,2013-10,36.00
《移动Web编程（第二版_影印版）》,2013-10,98.00
《PHP编程（第三版_影印版）》,2013-10,86.00
《微交互：细节设计成就卓越产品》,2013-10,35.00
《随意搜寻》,2013-10,68.00
《格物智知：3D图形与人机交互技术应用》,2013-10,150.00
《利用Python进行数据分析》,2013-10,89.00
《用AngularJS开发下一代Web应用》,2013-10,55.00
《使用HTML、CSS和JavaScript开发Android程序（第2版）》,2013-10,45.00
《NetKernel面向资源计算实践》,2013-09,69.00
《Arduino无线传感器网络实践指南》,2013-09,59.00
《Head First HTML与CSS（第二版）》,2013-09,98.00
《爱上Raspberry Pi》,2013-08,39.80
《Bootstrap用户手册：设计响应式网站》,2013-08,35.00
《HBase权威指南》,2013-08,89.00
《嗨翻C语言》,2013-08,99.00
《爱上3D打印机》,2013-08,38.00
《精益设计: 设计团队如何改善用户体验 》,2013-08,49.00
《界面设计模式（第2版）》,2013-08,119.00
《Ganglia系统监控》,2013-08,59.00
《HTML5 Canvas开发详解》,2013-07,99.00
《HTML5经典实例》,2013-07,48.00
《像计算机科学家一样思考Python》,2013-07,49.00
《LINUX技术手册（第六版）》,2013-07,148.00
《数据库设计与关系理论》,2013-07,69.00
《IPv6精髓（第2版）》,2013-06,89.00
《ASP.NET MVC 4 Web编程》,2013-06,68.00
《21世纪C语言（影印版）》,2013-06,56.00
《CSS3实战手册（第三版_影印版）》,2013-06,82.00
《Hadoop操作手册（影印版）》,2013-06,59.00
《iOS 6编程Cookbook（影印版）》,2013-06,99.00
《自然语言标注——用于机器学习（影印版）》,2013-06,54.00
《Android编程（第二版_影印版）》,2013-06,78.00
《Google App Engine编程（第二版_影印版）》,2013-06,69.00
《Hive编程（影印版）》,2013-06,54.00
《Python数据分析（影印版）》,2013-06,74.00
《R语言技术手册（第二版_影印版）》,2013-06,92.00
《正则表达式Cookbook（第二版_影印版）》,2013-06,79.00
《Spring Data（影印版）》,2013-06,58.00
《Git版本控制（第二版_影印版）》,2013-06,62.00
《放飞App》,2013-06,59.00
《Head First Mobile Web（中文版）》,2013-06,68.00
《爱上制作30》,2013-06,39.00
《爱上制作特别版——120个绝妙的制作项目》,2013-06,79.00
《社交应用编程》,2013-05,69.00
《嵌入式系统设计与实践》,2013-05,69.00
《Linux口袋书（第2版）》,2013-05,29.00
《数据可视化实战：使用D3设计交互式图表》,2013-05,59.00
《深入浅出Excel 》,2013-05,69.00
《SEO的艺术（原书第2版）》,2013-05,109.00
《社会网络分析：方法与实践》,2013-05,59.00
《JavaScript设计模式》,2013-05,49.00
《统计思维：程序员数学之概率统计》,2013-05,29.00
《WebGL入门指南》,2013-05,49.00
《爱上制作29》,2013-05,35.00
《天文迷的夜空导游图》,2013-04,125.00
《R语言经典实例》,2013-04,79.00
《复杂性思考》,2013-04,49.00
《安全的神话》,2013-04,42.00
《机器学习：实用案例解析》,2013-04,69.00
《iOS程序设计（第2版）》,2013-04,129.00
《Clojure编程》,2013-04,99.00
《高性能MySQL（第3版）》,2013-04,128.00
《爱上制作28》,2013-04,35.00
《实时用户体验》,2013-03,59.00
《深入浅出iPhone/iPad开发（第2版）》,2013-03,108.00
《学习正则表达式》,2013-03,35.00
《YUI 3 Cookbook中文版》,2013-03,89.00
《HTML 5应用开发实践指南》,2013-03,49.00
《Android应用开发攻略》,2013-03,99.00
《LPI Linux认证权威指南（第三版）》,2013-03,88.00
《JavaScript和jQuery实战手册（原书第2版）》,2013-02,99.00
《编写可维护的JavaScript》,2013-02,55.00
《极客与团队》,2013-02,29.00
《Head First jQuery（中文版）》,2013-01,78.00
《程序员度量：改善软件团队的分析学》,2013-01,59.00
《LINUX内核精髓》,2013-01,79.00
《Android程序设计》,2013-01,79.00
《R和Ruby数据分析之旅》,2013-01,45.00
《jQuery Cookbook中文版》,2013-01,69.00
《Node即学即用》,2013-01,39.00
《Pig编程指南》,2013-01,49.00
《精益创业实战（第2版）》,2013-01,39.00
《iOS游戏开发：从创意到实现》,2012-12,39.00
《简约之美：软件设计之道》,2012-12,25.00
《jQuery Mobile即学即用》,2012-12,49.00
《爱上制作27》,2012-12,35.00
《爱上制作26》,2012-11,35.00
《Head First C#（第二版_中文版）》,2012-11,128.00
《MacRuby权威指南》,2012-11,38.00
《C++编程调试秘笈》,2012-11,29.00
《JavaScript学习指南（第2版_修订版）》,2012-11,65.00
《移动应用UI设计模式》,2012-11,49.00
《爱上制作25》,2012-11,35.00
《jQuery UI开发指南》,2012-10,39.00
《精通搜索分析》,2012-10,69.00
《真实世界的Python仪器监控》,2012-10,89.00
《爱上制作24》,2012-10,35.00
《爱上 Arduino（第2版）》,2012-09,38.00
《Network Warrior中文版——思科网络工程师必备手册(第2版)》,2012-09,99.00
《爱上制作23》,2012-09,35.00
《Head First HTML5 Programming中文版》,2012-08,78.00
《Couch DB权威指南》,2012-08,38.00
《算法精解：C语言描述》,2012-08,79.00
《iPhone App开发实战手册》,2012-08,65.00
《HTML5秘籍》,2012-08,79.00
《爱上制作22》,2012-08,35.00
《HTTP权威指南》,2012-07,109.00
《数据之魅：基于开源工具的数据分析》,2012-07,89.00
《爱上制作21》,2012-07,35.00
《爱上制作精选版——75个最棒的制作项目 》,2012-07,69.00
《Learning Android（中文版）》,2012-06,49.00
《Cocoa和Objective-C：构建和运行》,2012-06,58.00
《JavaScript模式》,2012-06,38.00
《编写可读代码的艺术》,2012-06,59.00
《爱上制作20》,2012-06,35.00
《爱上制作18》,2012-05,35.00
《Android移动应用开发——基于Adobe AIR》,2012-05,56.00
《学习Flex 4（中文版）》,2012-05,92.00
《爱上Processing》,2012-04,38.00
《iOS 4编程经典实例》,2012-04,88.00
《JavaScript权威指南（第6版）》,2012-04,139.00
《演说：用幻灯片说服全世界》,2012-04,98.00
《网站转换率优化之道》,2012-04,45.00
《爱上制作19》,2012-04,35.00
《JavaScript高效图形编程》,2012-04,45.00
《基于MVC的JavaScript Web富应用开发》,2012-04,59.00
《SEO艺术》,2012-04,89.00
《ANDROID开发秘籍》,2012-03,75.00
《深入HTML5应用开发》,2012-03,59.00
《爱上制作17》,2012-03,35.00
《你就是极客！》,2012-03,49.00
《深入浅出程序设计（中文版）》,2012-02,98.00
《Perl语言入门（中文版_第六版）》,2012-02,62.00
《爱上制作16》,2012-02,35.00
《Head First Python（中文版）》,2012-02,68.00
《JavaScript经典实例》,2012-02,78.00
《社交网站的数据挖掘与分析》,2012-02,59.00
《软件之道：软件开发争议问题剖析》,2012-02,89.00
《深入学习MongoDB》,2012-02,32.00
《使用Perl实现系统管理自动化（中文版_第二版）》,2012-02,94.00
《深入浅出Rails（中文版）》,2012-02,98.00
《爱上制作15》,2012-01,35.00
《爱上制作14》,2011-11,35.00
《爱上制作13》,2011-10,35.00
《爱上制作12》,2011-09,35.00
《爱上Arduino》,2011-08,38.00
《Debug Hacks中文版——深入调试的技术和工具》,2011-08,69.00
《Cassandra权威指南》,2011-07,59.00
《项目经理应该知道的97件事》,2011-07,39.00
《爱上制作11》,2011-07,35.00
《爱上制作10》,2011-07,35.00
《Java语言精粹》,2011-07,39.00
《Java SOA Cookbook中文版》,2011-07,79.00
《Oracle PL/SQL程序设计（第5版_上下册）》,2011-07,149.00
《WCF服务编程（第三版）》,2011-06,118.00
《iPhone游戏开发》,2011-06,45.00
《使用HTML、CSS和JavaScript开发Android应用》,2011-06,39.00
《基于开源工具的数据分析（影印版）》,2011-06,82.00
《界面设计模式（第二版_影印版）》,2011-06,99.00
《Hadoop权威指南（第二版_影印版）》,2011-06,98.00
《Python编程（第四版_影印版_上下卷）》,2011-06,148.00
《深入浅出Python（影印版）》,2011-06,88.00
《iOS 4编程Cookbook（影印版）》,2011-06,98.00
《iOS 4 SDK入门——给JavaScript程序员（影印版）》,2011-06,68.00
《挖掘社交网络（影印版）》,2011-06,78.00
《数据可视化之美》,2011-06,89.00
《Hadoop权威指南（第2版）》,2011-06,89.00
《云计算安全与隐私》,2011-05,65.00
《Effective UI：软件用户体验艺术》,2011-05,49.00
《爱上制作9》,2011-04,35.00
《构建iPhone企业级应用：基于HTML_CSS和JavaScript》,2011-04,28.00
《MongoDB权威指南》,2011-04,39.00
《安全之美》,2011-04,65.00
《学习vi和Vim编辑器（第7版）》,2011-04,82.00
《爱上制作8》,2011-03,35.00
《Python学习手册（第4版）》,2011-03,119.00
《Java与XML（第三版）》,2011-03,69.00
《黑客与画家》,2011-03,49.00
《深入浅出iPhone开发》,2011-03,88.00
《身边的电子学》,2011-03,79.00
《开发大规模Web应用（影印版）》,2011-03,52.00
《深入浅出WordPress（影印版）》,2011-03,82.00
《iPhone App开发实战手册（影印版）》,2011-03,54.00
《高可用性MySQL（影印版）》,2011-03,82.00
《Perl Cookbook（第二版_影印版）》,2011-03,99.00
《Google App Engine编程（影印版）》,2011-03,59.00
《设计伟大的iPhone应用（影印版）》,2011-03,78.00
《网站运维（影印版）》,2011-03,54.00
《Erlang编程指南》,2011-02,79.00
《深入浅出Web设计》,2011-02,99.00
《Head First PHP & MySQL（中文版）》,2011-02,98.00
《flex与bison》,2011-01,49.00
《爱上制作7》,2011-01,35.00
《Network Warrior中文版》,2011-01,69.00
《SNS网站构建》,2011-01,69.00
《构建嵌入式LINUX系统（第二版）》,2010-12,58.00
《Mac OS X Snow Leopard用户手册》,2010-12,79.00
《HTML5揭秘》,2010-12,45.00
《Cocoa与Objective-C：构建与运行（影印版）》,2010-12,52.00
《深入浅出Excel（影印版）》,2010-12,88.00
《jQuery Cookbook（影印版）》,2010-12,58.00
《学习iPhone编程（影印版）》,2010-12,49.00
《开始Mac：实战手册（影印版）》,2010-12,98.00
《高性能JavaScript》,2010-11,49.00
《网站性能监测与优化》,2010-11,79.00
《iPhone用户手册（第三版）》,2010-11,69.00
《GAE编程指南》,2010-11,65.00
《爱上制作5》,2010-11,35.00
《爱上制作6》,2010-11,35.00
《深入浅出JavaScript》,2010-10,98.00
《数据之美》,2010-10,75.00
《协作战略》,2010-10,39.00
《搜索模式》,2010-10,35.00
《Visual C# 2010从入门到精通》,2010-10,88.00
《并发的艺术》,2010-09,49.00
《程序员应该知道的97件事》,2010-09,45.00
《深入浅出数据分析》,2010-09,88.00
《爱上制作4》,2010-09,35.00
《数据之美（影印版）》,2010-09,62.00
《Erlang编程（影印版）》,2010-09,64.00
《深入浅出iPhone开发（影印版）》,2010-09,98.00
《深入浅出PHP & MySQL（影印版）》,2010-09,98.00
《深入浅出程序设计（影印版）》,2010-09,92.00
《深入浅出Rails（影印版）》,2010-09,92.00
《Mac OS X Snow Leopard用户手册（影印版）》,2010-09,98.00
《编程大师智慧（影印版）》,2010-09,68.00
《Python自然语言处理（影印版）》,2010-09,64.00
《团队之美（影印版）》,2010-09,64.00
《CLR via C#（第3版）》,2010-09,99.00
《Head First Servlets and JSP（第二版）》,2010-08,118.00
《软件开发者路线图：从学徒到高手》,2010-08,35.00
《测试之美》,2010-08,55.00
《社交网站界面设计》,2010-08,69.00
《Android应用开发》,2010-08,49.00
《SQL与关系数据库理论》,2010-08,53.00
《云计算应用架构》,2010-08,49.00
《Programming Flex 3中文版》,2010-08,99.00
《爱上制作3》,2010-08,35.00
《爱上制作1》,2010-07,35.00
《爱上制作2》,2010-07,35.00
《架构之美（影印版）》,2010-07,62.00
《安全之美（影印版）》,2010-07,52.00
《Google App Engine开发（影印版）》,2010-07,52.00
《Git版本控制管理（影印版）》,2010-07,52.00
《Head First软件开发（中文版）》,2010-06,68.00
《LINUX内核技术手册》,2010-06,28.00
《Head First Ajax（中文版）》,2010-06,78.00
《移动应用的设计与开发》,2010-06,59.80
《SQL学习指南（第二版）》,2010-06,45.00
《PYTHON技术手册（第二版）》,2010-06,89.00
《正则表达式经典实例》,2010-06,69.00
《CSS实战手册（第二版）》,2010-06,69.80
《网络安全评估（第二版）》,2010-05,58.00
《演讲之禅——一位技术演讲家的自白》,2010-05,36.00
《Python Cookbook（第二版_中文版）》,2010-05,99.00
《Ruby语言入门》,2010-05,32.00
《Hadoop权威指南（中文版）》,2010-04,79.00
《高性能网站建设进阶指南》,2010-04,49.80
《团队之美》,2010-04,79.00
《软件架构师应该知道的97件事》,2010-04,39.80
《编程之魂》,2010-04,59.80
《草根媒体》,2010-04,38.00
《算法技术手册》,2010-03,55.00
《正在爆发的营销革命——社会化网络营销指南》,2010-03,39.80
《Web安全测试》,2010-03,39.00
《网络安全Hacks（第二版）》,2010-03,48.00
《尼康D90实用详解》,2010-02,45.00
《高性能MySQL（第二版）》,2010-02,99.00
《Web容量规划的艺术》,2010-01,29.00
《AppStore掘金——iPhone SDK应用程序开发》,2010-01,59.00
《创新的神话》,2010-01,28.00
《Rails学习手册》,2009-12,59.00
《Java消息服务（第二版）》,2009-12,59.80
《苹果往事：开发麦金托什的非凡岁月》,2009-12,48.00
《并行开发艺术（影印版）》,2009-12,48.00
《使用Perl实现系统管理自动化（第二版_影印版）》,2009-12,88.00
《更快速网站（影印版）》,2009-12,42.00
《flex与bison（影印版）》,2009-12,46.00
《深入浅出网络管理（影印版）》,2009-12,88.00
《Java消息服务（第二版_影印版）》,2009-12,48.00
《Java Web服务：构建与运行（影印版）》,2009-12,48.00
《卓有成效的程序员（影印版） 》,2009-12,42.00
《真实世界的Haskell（影印版）》,2009-12,88.00
《正则表达式Cookbook（影印版）》,2009-12,72.00
《Ruby最佳实践（影印版）》,2009-12,48.00
《应用程序性能测试的艺术 》,2009-11,29.00
《Head First C#（中文版）》,2009-11,98.00
《.NET 3.5编程（第四版）》,2009-11,69.00
《BINARY Hacks——黑客秘笈100选》,2009-11,39.00
《JAVA开发超级工具集》,2009-11,99.00
《SQL应用重构》,2009-11,49.00
《架构之美》,2009-11,69.00
《Java Web服务：构建与运行》,2009-11,45.00
《SQL技术手册（第3版）》,2009-11,80.00
《C# 3.0学习指南》,2009-11,79.00
《数码生活馆：Photoshop Lightroom 2探险之旅_全面掌握Adobe新一代数码摄影师的工具》,2009-10,79.80
《UNIX技术手册（第四版）》,2009-10,98.00
《深入浅出PMP（中文版）》,2009-10,98.00
《Programming ASP.NET 3.5中文版》,2009-10,99.00
《Ajax权威指南》,2009-09,125.00
《MYSQL核心技术手册（第二版）》,2009-09,89.00
《PHP经典实例（第二版）》,2009-09,98.00
《Tomcat权威指南（第二版）》,2009-09,68.00
《Web站点优化》,2009-09,55.00
《WCF编程（第二版）》,2009-09,99.00
《JavaScript学习指南（第2版）》,2009-09,45.00
《学习OpenCV（中文版）》,2009-09,75.00
《Perl语言入门（第五版）》,2009-09,48.00
《敏捷开发的艺术》,2009-08,78.00
《Python UNIX和Linux系统管理指南》,2009-08,65.00
《深入理解MySQL核心技术》,2009-08,35.00
《ActionScript 3.0设计模式》,2009-07,58.00
《Python学习手册（第三版）》,2009-07,89.00
《数码摄影用光与曝光》,2009-07,49.80
《深入理解linux网络技术内幕》,2009-07,128.00
《Web界面设计》,2009-07,80.00
《Canon EOS 450D佳能数码单反摄影手册》,2009-07,39.80
《学习JavaScript（第二版_影印版）》,2009-07,52.00
《SQL技术手册（第三版_影印版）》,2009-07,69.00
《精益软件开发艺术》,2009-06,28.00
《容量规划的艺术（影印版）》,2009-06,29.00
《使用Subversion进行版本控制（第二版_影印版）》,2009-06,60.00
《JavaScript实战手册》,2009-05,89.00
《ADO.NET 3.5经典实例（第2版）》,2009-05,139.00
《精通Hibernate》,2009-05,55.00
《Dynamic HTML权威指南（第3版）》,2009-05,99.80
《深入浅出C#（影印版）》,2009-05,98.00
《RESTful.NET（影印版）》,2009-05,43.00
《Web应用程序通用设计（影印版）》,2009-05,32.00
《Web 2.0策划指南（影印版）》,2009-05,32.00
《ASP.NET 3.5编程（第四版_影印版）》,2009-05,118.00
《Flex 3编程（影印版）》,2009-05,82.00
《嵌入式系统编程 —— 使用C和GNU开发工具（第二版）》,2009-04,36.00
《Shell脚本学习指南》,2009-04,79.00
《Dojo权威指南》,2009-04,79.00
《Windows PowerShell应用手册》,2009-04,89.00
《面对面：Rick Sammon人像摄影完全指南》,2009-04,75.00
《计算机安全超级工具集》,2009-04,0.00
《Adobe AIR 1.5 Cookbook（影印版）》,2009-04,62.00
《算法技术手册（影印版）》,2009-04,58.00
《应用程序性能测试艺术（影印版）》,2009-04,29.00
《构建嵌入式LINUX 系统（第二版_影印版）》,2009-04,68.00
《学习OpenCV（影印版）》,2009-04,74.00
《高性能MySQL（第二版_影印版）》,2009-04,86.00
《JAVA超级工具（影印版）》,2009-04,98.00
《JavaScript实战（影印版）》,2009-04,72.00
《学习ASP.NET 3.5（第二版_影印版）》,2009-04,78.00
《学习vi和Vim编辑器（第七版_影印版）》,2009-04,68.00
《Python在Unix和Linux系统管理中的应用（影印版）》,2009-04,64.00
《Flex 3 Cookbook中文版》,2009-04,99.00
《深入浅出SQL（中文版）》,2009-04,98.00
《linux系统编程》,2009-04,56.00
《C# 3.0核心技术（第三版）》,2009-03,109.00
《AppleScript权威指南（第二版）》,2009-03,88.00
《项目管理之美》,2009-03,59.00
《卓有成效的程序员》,2009-03,45.00
《Linux Networking Cookbook中文版》,2009-03,88.00
《Essential Silverlight 2中文版》,2009-03,49.80
《JavaScript语言精粹》,2009-03,35.00
《XQuery权威指南》,2009-03,88.00
《可视化数据》,2009-03,65.00
《Oracle PL/SQL最佳实践（第2版）》,2009-02,48.00
《WPF编程（第二版）》,2009-02,119.00
《JavaScript & DHTML Cookbook中文版》,2009-02,98.00
《MySQL Cookbook中文版（第二版）》,2009-02,128.00
《Intel Threading Building Blocks编程指南》,2009-01,49.00
《Rails高级编程》,2009-01,55.00
《C# 3.0设计模式》,2009-01,49.00
《Linux系统管理》,2009-01,42.00
《Oracle精髓（原书第4版）》,2009-01,49.00
《深入浅出面向对象分析与设计》,2009-01,98.00
《深入浅出软件开发（影印版）》,2009-01,88.00
《JavaScript: The Good Parts（影印版）》,2009-01,48.00
《学习ActionScript 3.0（影印版）》,2009-01,82.00
《Java经典实例（第二版）》,2009-01,98.00
《Apache Cookbook中文版（第二版）》,2009-01,49.80
《Programming C# 3.0中文版（第五版）》,2009-01,99.00
《Ruby编程语言》,2009-01,68.00
《Web导航设计》,2009-01,69.80
《C# 3.0 Cookbook中文版（第3版）》,2008-12,99.00
《精通Perl》,2008-11,68.00
《集体智慧编程》,2008-11,59.80
《代码之美》,2008-10,99.00
《学习Web设计（第三版）》,2008-10,65.00
《学习ASP.NET 2.0和AJAX》,2008-08,59.00
《Perl Testing程序高手秘笈》,2008-08,36.00
《敏捷开发艺术（影印版）》,2008-08,59.00
《深入浅出JavaScript（影印版）》,2008-08,98.00
《Intermediate Perl（影印版）》,2008-08,48.00
《学习Python（第三版_影印版）》,2008-08,88.00
《ASP.NET AJAX编程（影印版）》,2008-08,68.00
《Web信息架构：设计大型网站（第三版）》,2008-08,85.00
《ASP .NET 3.5构建Web 2.0门户站点》,2008-07,42.00
《ASP.NET AJAX编程指南》,2008-07,59.00
《学习PHP和MySQL（第二版）》,2008-07,55.00
《SOA 实践指南：分布式系统设计的艺术》,2008-07,59.80
《学习WCF:从原理到实践》,2008-07,80.00
《SQL技术手册（第二版）》,2008-06,92.00
《深入浅出Ajax》,2008-06,88.00
《数码生活馆：Photoshop Lightroom探险之旅 》,2008-06,69.00
《SQL HACKS》,2008-06,49.00
《ActionScript 3.0编程精髓》,2008-05,99.00
《Ajax权威指南（影印版）》,2008-05,98.00
《ASP.NET 3.5构建Web 2.0门户网站（影印版）》,2008-05,48.00
《高性能网站（影印版）》,2008-05,28.00
《Mac OS X使用指南：Leopard版（影印版）》,2008-05,98.00
《学习ASP.NET 2.0与AJAX（影印版）》,2008-05,68.00
《WPF编程（第二版_影印版）》,2008-05,98.00
《Ruby程序设计语言（影印版）》,2008-05,64.00
《RESTful Web Services中文版》,2008-05,69.80
《高性能网站建设指南》,2008-05,35.00
《Access Cookbook中文版——数据分析详解》,2008-04,49.00
《Windows开发人员超级工具集》,2008-04,129.00
《Head First HTML与CSS、XHTML（中文版）》,2008-03,79.00
《深入浅出SQL（影印版）》,2008-03,98.00
《JavaScript & DHTML Cookbook（第二版_影印版）》,2008-03,88.00
《学习PHP & MySQL（第二版_影印版）》,2008-03,66.00
《LINUX系统编程（影印版）》,2008-03,59.00
《集体智慧编程（影印版）》,2008-03,58.00
《SOA实践（影印版）》,2008-03,58.00
《SQL语言艺术》,2008-03,58.00
《Adding Ajax中文版》,2008-03,68.00
《802.11无线网络权威指南（第二版）》,2008-02,79.00
《Perl最佳实践》,2008-02,78.00
《学习Ruby》,2008-02,36.00
《Designing Interfaces中文版》,2008-01,80.00
《Cocoa入门——使用Objective-C》,2008-01,39.00
《WCF服务编程》,2008-01,75.00
《构建可扩展的Web站点》,2008-01,58.00
《深入浅出PMP（影印版）》,2007-12,98.00
《RESTful Web Services（影印版）》,2007-12,46.00
《学习 WCF（影印版）》,2007-12,62.00
《学习 Ruby（影印版）》,2007-12,29.00
《ActionScript 3.0 精髓（影印版）》,2007-12,98.00
《linux 系统管理（影印版）》,2007-12,42.00
《精通Perl（影印版）》,2007-12,48.00
《ActionScript 3.0 Cookbook中文版》,2007-11,78.00
《CSS Cookbook 中文版（第二版）》,2007-10,68.00
《Rails Cookbook中文版》,2007-10,75.00
《Programming C#(第4版)（中文版）》,2007-09,78.00
《CSS实战手册》,2007-09,68.00
《SQL Cookbook中文版》,2007-09,65.00
《C++ Cookbook中文版》,2007-09,59.00
《项目管理艺术》,2007-09,45.00
《软件预构艺术》,2007-09,26.00
《时间管理——给系统管理员》,2007-09,26.00
《嵌入式硬件设计（第二版）》,2007-09,39.80
《CSS权威指南（第三版）》,2007-09,58.00
《深入理解Linux内核（第三版）》,2007-09,98.00
《Photoshop数码照片专业润饰技术精粹》,2007-09,49.00
《数码摄影与后期处理专家技术（第二版）》,2007-09,59.00
《Ajax设计模式》,2007-09,78.00
《C语言核心技术》,2007-08,69.00
《JavaScript权威指南（原书第5版）》,2007-08,109.00
《精通正则表达式（第3版）》,2007-07,75.00
《Linux Kernel in a Nutshell(影印版)》,2007-07,32.00
《Spring程序高手秘笈》,2007-07,29.00
《心理和脑》,2007-07,48.00
《心理和脑与生活》,2007-07,48.00
《LPI Linux认证权威指南（第二版）》,2007-07,68.00
《Ruby on Rails：构建与运行》,2007-07,26.00
《Head First设计模式（中文版）》,2007-07,98.00
《ActionScript 3.0 Cookbook(影印版)》,2007-07,78.00
《Ajax on Java（影印版）》,2007-07,35.00
《Dynamic HTML权威参考（第三版_影印版）》,2007-07,128.00
《CSS The Missing Manual（影印版）》,2007-07,65.00
《学习JavaScript(影印版)》,2007-07,48.00
《LINUX技术手册(第五版_影印版)》,2007-07,98.00
《嵌入式系统编程(第二版_影印版)》,2007-07,45.00
《WCF Service编程（影印版）》,2007-07,78.00
《Rails Cookbook（影印版）》,2007-07,68.00
《Jakarta Struts Cookbook中文版》,2007-07,56.00
《Enterprise JavaBeans 3.0(第5版)(中文版)》,2007-06,98.00
《Google Hacks(第三版)（中文版）》,2007-06,49.00
《Ajax on Rails(影印版)》,2007-06,45.00
"《CSS权威指南,第三版(影印版)》",2007-06,68.00
《深入浅出面向对象分析和设计(影印版)》,2007-06,98.00
《Java与XML(第三版)(影印版)》,2007-06,59.00
《JavaScript权威指南(第五版)(影印版)》,2007-06,108.00
《学习MySQL(影印版)》,2007-06,78.00
《C#经典实例(第二版)》,2007-05,128.00
《Learning PHP & MySQL(中文版)》,2007-05,36.00
《深度探索关系数据库》,2007-05,35.00
《Ruby Cookbook中文版》,2007-04,108.00
《.NET组件程序设计(第2版)》,2007-04,88.00
《HTML & XHTML权威指南（第六版）》,2007-03,75.00
《AJAX HACKS中文版》,2007-03,55.00
《PHP程序设计(第2版)》,2007-03,68.00
《Programming ASP.NET中文版(第3版)》,2007-02,98.00
《UML 2.0学习指南》,2007-02,35.00
《Head First Java（第二版_中文版）》,2007-02,79.00
《Hibernate程序高手秘笈》,2007-02,29.00
《Eclipse Cookbook中文版》,2007-02,42.00
《.NET安全编程（C#/VB.NET）》,2007-02,79.00
《SWING HACKS》,2007-02,66.00
《VISUAL STUDIO HACKS》,2007-02,59.00
《XML HACKS》,2007-02,59.00
《LINUX SERVER HACKS（卷二）》,2007-01,56.00
《BSD Hacks》,2006-12,59.00
《Perl Hacks》,2006-12,38.00
《Wireless Hacks(第二版)》,2006-12,59.00
《超越Java》,2006-12,29.00
《Perl语言入门（第四版）》,2006-12,42.00
《AspectJ Cookbook中文版》,2006-11,40.00
《Jakarta Commons Cookbook中文版》,2006-11,45.00
《Unix与Linux系统管理（第三版）》,2006-11,129.00
《SWT程序高手秘笈》,2006-11,40.00
《SKYPE HACKS》,2006-11,39.00
《PHP & MySQL数据库应用开发指南（第二版）》,2006-10,78.00
《AJAX设计模式（影印版）》,2006-10,72.00
《实用软件项目管理（影印版）》,2006-10,42.00
《Python编程（第三版_影印版）上、下册》,2006-10,138.00
《Python技术手册（第二版_影印版）》,2006-10,78.00
《Ruby Cookbook（影印版）》,2006-10,98.00
《Ruby on Rails（影印版）》,2006-10,26.00
《Java技术手册（第五版）》,2006-09,48.00
《Head First Servlets & JSP（中文版）》,2006-09,98.00
《Head First EJB（中文版）》,2006-09,79.00
《游戏开发中的人工智能》,2006-08,48.00
《深入浅出Servlet & JSP（影印版）》,2006-08,98.00
《深入浅出EJB(影印版)》,2006-08,98.00
《轻快的Java》,2006-07,29.00
《深入理解LINUX网络内幕（影印版）》,2006-06,98.00
《WEB设计技术手册（第三版_影印版）》,2006-06,98.00
《AJAX HACKS（影印版）》,2006-06,58.00
《深入浅出Ajax（影印版）》,2006-06,98.00
《软件预构艺术（影印版）》,2006-06,45.00
《Linux网络管理员指南（第三版）》,2006-06,38.00
《GNU Make项目管理（第三版）》,2006-06,37.00
《Apache经典实例》,2006-04,32.00
《UML 2.0技术手册（影印版）》,2006-04,38.00
《Perl最佳实践（影印版）》,2006-04,74.00
《Perl语言入门（第四版_影印版）》,2006-04,48.00
《深入理解Linux内核（第三版_影印版）》,2006-04,98.00
《高级Perl编程（第二版_影印版）》,2006-04,40.00
《深入浅出HTML与CSS、XHTML（影印版）》,2006-04,98.00
《.NET组件开发（第二版_影印版）》,2006-04,85.00
《ASP.NET编程（第三版_影印版）》,2006-04,98.00
《802.11无线网络权威指南（第二版_影印版）》,2006-04,82.00
《项目管理艺术（影印版）》,2006-04,58.00
《CVS精髓》,2006-04,40.00
《LINUX随身指南》,2006-04,28.00
《Postfix权威指南》,2006-03,35.00
《Java线程（第三版）》,2006-03,39.00
《TCP/IP网络管理（第三版）》,2006-03,79.00
《JDO开发》,2006-02,38.00
《JavaServerTM Faces交互式网站界面设计》,2006-02,65.00
《网络安全评估》,2005-12,45.00
《Linux设备驱动程序（第三版）》,2005-12,69.00
《Google Hacks（第二版）》,2005-12,49.00
《深入浅出Java(第二版_影印版)》,2005-11,98.00
《深入浅出设计模式（影印版）》,2005-11,98.00
《Java网络编程（第三版）》,2005-11,85.00
《Eclipse集成开发工具》,2005-11,46.00
《Java 5.0 Tiger程序高手秘笈》,2005-11,28.00
《轻快的好Java（影印版）》,2005-11,42.00
《Hibernate：程序高手秘笈（影印版）》,2005-11,32.00
《核心Java（影印版）》,2005-10,66.00
《Unix与Internet安全实践指南（第三版）》,2005-09,95.00
《Linux桌面应用》,2005-09,0.00
《精通正则表达式（第二版_影印版）》,2005-09,72.00
《Jakarta Struts编程（第二版）》,2005-08,52.00
《Java Servlet & JSP经典实例》,2005-07,86.00
《游戏开发中的人工智能（影印版）》,2005-06,78.00
《Jakarta Commons经典实例（影印版）》,2005-06,68.00
《Java网络编程（第三版_影印版）》,2005-06,98.00
《学习Python（第二版_影印版）》,2005-06,68.00
《Linux设备驱动程序（第三版_影印版）》,2005-06,89.00
《LPI Linux认证权威指南（影印版）》,2005-06,98.00
《GNU Make项目管理（第三版_影印版）》,2005-06,58.00
《WebLogic权威指南（影印版）》,2005-06,128.00
《Java实例技术手册（第三版）》,2005-06,79.80
《Enterprise JavaBeans（第四版）》,2005-05,89.00
《J2EE设计模式》,2005-03,45.00
《构建嵌入式Linux系统》,2005-01,48.00
《Java Swing（第二版）》,2004-11,128.00
《Web安全、隐私和商务（第二版）》,2004-11,89.00
《JSP设计（第三版）》,2004-11,79.00
《游戏开发物理学》,2004-10,48.00
《JSP设计（第二版）》,2004-10,74.00
《Tomcat权威指南》,2004-08,38.00
《HTML与XHTML权威指南（第五版）》,2004-06,72.00
《嵌入式硬件设计》,2004-06,39.50
《实用C++程序设计（第二版）》,2004-06,56.00
《恶意传播代码：Windows病毒防护》,2004-06,65.00
《深入理解Linux内核（第二版）》,2004-06,79.00
《IPv6精髓》,2004-05,36.00
《P3P Web隐私》,2004-05,45.00
《Linux Server Hacks》,2004-05,29.00
《JXTA技术手册》,2004-04,49.00
《Jakarta Struts编程》,2004-04,52.00
《WEBMASTER技术手册（第三版）》,2004-04,63.00
《Java语言学习手册（第二版）》,2004-03,85.00
《Java与XML（第二版）》,2004-02,59.00
《J2ME技术手册》,2003-11,59.00
《JAVA实例技术手册（第二版_影印版）》,2003-11,68.00
《Web性能优化（第二版）》,2003-10,49.00
《Oracle数据库管理》,2003-10,65.00
《系统性能优化（第二版）》,2003-10,46.00
《Java Enterprise最佳实践》,2003-09,38.00
《Visual Basic .NET面向对象编程》,2003-09,42.00
《.NET Web服务编程》,2003-09,52.00
《JavaScript动态网页设计(第二版)》,2003-08,29.00
《Free As In Freedom：Richard Stallman的自由软件运动（影印版）》,2003-08,35.00
《PEER-TO-PEER（影印版）》,2003-08,54.00
《Ant权威指南》,2003-07,52.00
《学习GNU Emacs（第二版）》,2003-07,68.00
《sed与awk（第二版）》,2003-07,55.00
《JAVA技术手册（第四版_影印版）》,2003-07,99.00
《LINUX RAID管理（影印版）》,2003-07,29.00
《OPENSOURCES：Open Source革命之声（影印版）》,2003-07,28.00
《Oracle PL/SQL程序设计（第二版）》,2003-06,108.00
《PHP程序设计》,2003-06,68.00
《802.11安全手册（影印版）》,2003-06,21.00
《构建Internet防火墙（第二版_影印版）》,2003-06,89.00
《WWW信息体系结构（第二版_影印版）》,2003-06,49.80
《LINUX技术手册（第三版）》,2003-05,89.00
《Web服务精髓》,2003-04,35.00
《Oracle SQL必备参考》,2003-04,49.00
《使用SAN与NAS》,2003-03,29.00
《PHP & MySQL Web数据库应用开发指南》,2003-03,69.00
《Java线程(第二版)》,2003-03,39.00
《MySQL权威指南（第二版）》,2003-03,49.00
《Visual Basic .NET编程》,2003-03,55.00
《构建Oracle XML应用程序》,2003-02,89.00
《Java与XSLT》,2003-02,55.00
《ActionScript权威指南》,2003-01,88.00
《Unix备份与恢复》,2003-01,88.00
《JavaScript权威指南(第四版)》,2003-01,99.00
《JFC技术手册》,2003-01,89.00
《学习bash（第二版）》,2003-01,45.00
《UNIX操作系统 (第五版）》,2003-01,26.00
《学习vi编辑器（第六版）》,2003-01,38.00
《学习Web设计》,2003-01,55.00
《lex与yacc（第二版）》,2003-01,45.00
《SSH权威指南》,2003-01,69.00
《UNIX超级工具（第二版）上、下卷》,2002-12,128.00
《WEB设计技术手册（第二版）》,2002-12,79.00
《Java与SOAP》,2002-12,39.00
《Java与XML数据绑定》,2002-12,29.00
《Oracle PL/SQL入门》,2002-12,55.00
《实用Internet群件》,2002-12,59.00
《802.11无线网络权威指南(影印版)》,2002-11,105.00
《BEEP权威指南(影印版)》,2002-11,99.00
《UML技术手册》,2002-11,39.00
《UNIX技术手册（第三版）》,2002-11,69.00
《大规模局域网设计（影印版）》,2002-11,105.00
"《DNS与BIND(第四版,影印版)》",2002-11,119.00
《Web缓存（影印版）》,2002-11,99.00
《IP路由(影印版)》,2002-11,99.00
《Web安全与电子商务（第二版）（影印版）》,2002-11,119.00
《LINUX设备驱动程序（第二版）》,2002-11,69.00
《无线Java入门（影印版）》,2002-11,99.00
"《Oracle精髓:Oracle9i,Oracle8i & Oracle8（第二版）》",2002-11,49.00
《COM与.NET组件服务》,2002-09,49.00
《Oracle设计》,2002-09,59.00
《SOAP Web服务开发》,2002-09,35.00
《DNS与BIND(第四版)》,2002-08,69.00
《Java经典实例》,2002-08,89.00
《Perl语言入门（第三版）》,2002-08,48.00
《无线Java入门》,2002-08,32.00
《生物信息学中的计算机技术》,2002-07,49.00
《生物信息学中的计算机技术（影印版）》,2002-07,48.00
《JAVA ENTERPRISE技术手册》,2002-06,69.00
《Java Servlet编程(第二版)》,2002-06,85.00
《VB与VBA技术手册》,2002-05,75.00
《ASP组件开发指南(第二版)》,2002-04,89.00
《Java安全(第二版)》,2002-04,69.00
《C#程序设计》,2002-04,75.00
《WML与WMLScript入门》,2002-03,29.00
《JDBC与Java数据库编程(第二版)》,2002-03,45.00
《Webmaster技术手册(第二版)》,2002-02,69.00
《Internet核心协议权威指南》,2002-02,59.00
《JSP设计》,2002-02,59.00
《Java Web服务》,2002-01,39.00
《UNIX操作系统（第四版）》,2002-01,25.00
《SQL技术手册》,2002-01,35.00
《Unix操作系统（第五版_影印版）》,2002-01,19.80
《.NET框架精髓》,2001-12,39.00
《Perl语言编程（第三版）》,2001-12,129.00
《Windows NT/2000 Internet服务器安全》,2001-12,29.00
《JAVA实例技术手册》,2001-11,69.00
《XML技术手册》,2001-11,59.00
《Java语言入门》,2001-11,79.00
《XML入门》,2001-11,42.00
《ASP设计》,2001-10,39.00
《Java技术手册（第三版）》,2001-10,79.00
《DCOM入门》,2001-10,55.00
《深入理解Linux内核》,2001-10,79.00
《Internet Email编程》,2001-10,39.00
《Web安全与电子商务》,2001-09,59.00
《C#精髓》,2001-08,29.00
《Java网络编程(第二版)》,2001-08,79.00
《UNIX系统编程──基于SVR4》,2001-07,66.00
《HTML与XHTML权威指南(第四版)》,2001-07,79.00
《JavaScript应用程序经典实例》,2001-07,59.00
《JavaScript权威指南(第三版)》,2001-07,85.00
《CSS权威指南》,2001-05,55.00
《CGI编程－使用Perl(第二版)》,2001-05,55.00
《ASP技术手册(第二版)》,2001-05,55.00
《Linux网络管理员指南（第二版）》,2001-05,59.00
《Python语言入门》,2001-04,55.00
《DELPHI技术手册》,2001-04,65.00
《Visual Basic Win32 API编程》,2001-04,65.00
《JAVA与XML》,2001-03,69.00
《Enterprise JAVABEANS（第二版）》,2001-03,69.00
《C/C++嵌入式系统编程》,2001-03,29.00
《高级Perl编程》,2001-02,69.00
《UNIX系统管理（第二版）》,2001-02,89.00
《WEB设计技术手册》,2001-02,59.00
《实战Samba》,2001-02,69.00
《Perl DBI编程》,2001-02,59.00
《Windows 2000 活动目录》,2001-01,79.00
《C++语言核心》,2000-12,29.00
《DNS与BIND（第三版）》,2000-11,59.00
《DNS－Windows NT版》,2000-11,39.00
《Windows NT TCP/IP 网络管理》,2000-11,49.00
《联网基础》,2000-08,45.00
《局域网络》,2000-08,45.00
《广域网络》,2000-08,45.00
《TCP/IP与网络体系结构》,2000-08,45.00
《因特网基础》,2000-08,45.00
《联网设备与概念》,2000-08,45.00
《进程与协议》,2000-08,45.00
《网络分析与设计》,2000-08,45.00
《Perl教程（win32版）》,2000-06,49.00
"《Apache 权威指南（第二版,影印版,含光盘）》",2000-05,59.00
"《sendmail（第二版,影印版,上、下卷)》",2000-05,118.00
《实用C语言编程（第三版）》,2000-05,49.00
《Linux设备驱动程序》,2000-04,59.00
《Linux权威指南（第三版）》,2000-03,69.00
《优化Web性能》,2000-01,49.00
《开源软件文集》,1999-12,35.00
《Cisco路由器管理》,1999-11,40.00
《TCP/IP网络管理（第二版）》,1999-11,59.00
《Perl语言入门（第二版）》,1999-11,49.00
《Java 语言与Java平台》,1999-07,10.00
《Internet 原理与实践（上、下卷）》,1999-07,74.00
